timestamp,sentiment
1730610000,-0.4588
1730700000,0.7184
1730786400,0.2732
1730872800,0.0
1730959200,0.0
1731045600,0.5106
1731132000,0.0
1731218400,0.0
1731304800,-0.34
1731391200,0.5574
1731477600,0.0
1731564000,0.0
1731650400,0.0
1731736800,-0.6776
1731823200,0.0
1731909600,0.0
1731996000,0.0
1732082400,0.0
1732168800,-0.296
1732255200,0.0
1732341600,0.0
1732428000,0.6369
1732514400,-0.4767
1732600800,0.0
1732687200,0.0
1732773600,0.0
1732860000,0.0
1732946400,0.1027
1733032800,0.0
1733119200,0.0
